{"cameraMode":{"drawMode":0,"name":"Shaded","section":"Shading Mode"},"sceneLighting":true,"audioPlay":false,"sceneViewState":{"showFog":true,"showMaterialUpdate":false,"showSkybox":true,"showFlares":true,"showImageEffects":true,"showParticleSystems":true},"in2DMode":false,"pivot":{"x":4.430978298187256,"y":1.7341762781143189,"z":7.347033977508545},"rotation":{"x":0.02561250887811184,"y":-0.28019142150878909,"z":-0.007504414767026901,"w":-0.9596118330955505},"size":3.451174736022949,"orthographic":false}