{"cameraMode":{"drawMode":0,"name":"Shaded","section":"Shading Mode"},"sceneLighting":true,"audioPlay":false,"sceneViewState":{"showFog":true,"showMaterialUpdate":false,"showSkybox":true,"showFlares":true,"showImageEffects":true,"showParticleSystems":true},"in2DMode":false,"pivot":{"x":-3.834568500518799,"y":-1.3728382587432862,"z":-3.1009140014648439},"rotation":{"x":-0.08069852739572525,"y":0.911081850528717,"z":-0.2145819216966629,"w":-0.34261974692344668},"size":4.308712959289551,"orthographic":false}