{"cameraMode":{"drawMode":0,"name":"Shaded","section":"Shading Mode"},"sceneLighting":true,"audioPlay":false,"sceneViewState":{"showFog":true,"showMaterialUpdate":false,"showSkybox":true,"showFlares":true,"showImageEffects":true,"showParticleSystems":true},"in2DMode":false,"pivot":{"x":6.518672943115234,"y":-1.7302345037460328,"z":2.8595597743988039},"rotation":{"x":0.17814067006111146,"y":0.63431715965271,"z":-0.1534116417169571,"w":0.736494243144989},"size":3.451174736022949,"orthographic":false}