{"cameraMode":{"drawMode":0,"name":"Shaded","section":"Shading Mode"},"sceneLighting":false,"audioPlay":false,"sceneViewState":{"showFog":true,"showMaterialUpdate":false,"showSkybox":false,"showFlares":true,"showImageEffects":true,"showParticleSystems":true},"in2DMode":false,"pivot":{"x":0.0012635216116905213,"y":0.0022333338856697084,"z":-0.0016193501651287079},"rotation":{"x":-0.06331999599933624,"y":0.9360646605491638,"z":-0.22640272974967957,"w":-0.26178452372550967},"size":0.9269444346427918,"orthographic":false}