{"cameraMode":{"drawMode":0,"name":"Shaded","section":"Shading Mode"},"sceneLighting":true,"audioPlay":false,"sceneViewState":{"m_AlwaysRefresh":false,"showFog":true,"showSkybox":true,"showFlares":true,"showImageEffects":true,"showParticleSystems":true,"showVisualEffectGraphs":true,"m_FxEnabled":true},"in2DMode":false,"pivot":{"x":0.1215018630027771,"y":0.5190704464912415,"z":-1.5960710048675538},"rotation":{"x":-0.0057605961337685589,"y":0.9651632905006409,"z":-0.26120802760124209,"w":-0.021102454513311387},"size":4.600009441375732,"orthographic":false}