{"cameraMode":{"drawMode":0,"name":"Shaded","section":"Shading Mode"},"sceneLighting":true,"audioPlay":false,"sceneViewState":{"m_AlwaysRefresh":false,"showFog":true,"showSkybox":true,"showFlares":true,"showImageEffects":true,"showParticleSystems":true,"showVisualEffectGraphs":true,"m_FxEnabled":true},"in2DMode":false,"pivot":{"x":0.3895788788795471,"y":-4.177666664123535,"z":-4.056595802307129},"rotation":{"x":-0.024275289848446847,"y":0.9009212255477905,"z":-0.4305456280708313,"w":-0.050856128334999087},"size":3.7511746883392336,"orthographic":false}